request_rate,mean_per_token_latency,mean_first_token_latency,mean_per_output_token_latency
1.0,70.33242185648407,100.00022707134485,70.0173221189117
2.0,78.91238737416046,158.9003097049459,78.85552735685872
3.0,84.2682899409081,104.81099037081003,83.6329819261462
4.0,98.06178265835096,1236.3021529708058,98.55793200827435
5.0,92.24726816365033,331.31523017026484,94.51068298527873
6.0,93.05960519928547,3406.6609853431582,99.24047419321066
