request_rate,mean_per_token_latency,mean_first_token_latency,mean_per_output_token_latency
1.0,36.53870027690163,84.75792110152543,37.54419163643571
2.0,45.07085089009611,89.83310024254024,45.56060101510682
3.0,47.64403731774936,86.1817364282906,47.75504559783544
4.0,56.886517944701076,91.45725850947201,57.11470498522899
5.0,66.30526930306114,96.4373329837241,66.61390805016943
6.0,78.06427146260951,102.9350327346474,78.01625572014193
