{
  "batch_size": 128,
  "input_len": 128,
  "total_tokens": 16384,
  "prefill_ms_mean": 1464.9929838255048,
  "prefill_ms_std": 2.1688334225692456,
  "decode_ms_mean": 24.9926770105958,
  "decode_ms_std": 0.26718937554777017,
  "prefill_tokens_per_s": 11183.671308252147,
  "decode_tokens_per_s": 5121.500187664315,
  "warmup_runs": 2,
  "measure_runs": 5,
  "prefill_samples_ms": [
    1462.4384548515081,
    1462.8442442044616,
    1466.1145778372884,
    1466.7993756011128,
    1466.768266633153
  ],
  "decode_samples_ms": [
    25.2747917547822,
    24.785962887108326,
    24.866160936653614,
    24.748115800321102,
    25.28835367411375
  ]
}