{
  "batch_size": 16,
  "input_len": 1024,
  "total_tokens": 16384,
  "prefill_ms_mean": 1482.3388589546084,
  "prefill_ms_std": 1.759401500788197,
  "decode_ms_mean": 20.897002890706062,
  "decode_ms_std": 0.22774577784376634,
  "prefill_tokens_per_s": 11052.80341335348,
  "decode_tokens_per_s": 765.6600366895674,
  "warmup_runs": 2,
  "measure_runs": 5,
  "prefill_samples_ms": [
    1479.5618737116456,
    1481.730291619897,
    1483.6033759638667,
    1483.8745472952724,
    1482.9242061823606
  ],
  "decode_samples_ms": [
    20.744645036756992,
    20.896106027066708,
    20.734824240207672,
    21.28732204437256,
    20.82211710512638
  ]
}