{
  "batch_size": 1,
  "input_len": 16384,
  "total_tokens": 16384,
  "prefill_ms_mean": 1890.1405159384012,
  "prefill_ms_std": 2.575777085696514,
  "decode_ms_mean": 20.370823703706264,
  "decode_ms_std": 0.18904020472372146,
  "prefill_tokens_per_s": 8668.13861818406,
  "decode_tokens_per_s": 49.089816619347616,
  "warmup_runs": 2,
  "measure_runs": 5,
  "prefill_samples_ms": [
    1892.668736167252,
    1892.6855688914657,
    1890.1700070127845,
    1888.158935122192,
    1887.019332498312
  ],
  "decode_samples_ms": [
    20.682343281805515,
    20.41564602404833,
    20.22456843405962,
    20.280485972762108,
    20.25107480585575
  ]
}