{
  "batch_size": 256,
  "input_len": 64,
  "total_tokens": 16384,
  "prefill_ms_mean": 1465.2508044615388,
  "prefill_ms_std": 1.2123108078453764,
  "decode_ms_mean": 31.50011282414198,
  "decode_ms_std": 0.2397249634274619,
  "prefill_tokens_per_s": 11181.703466814279,
  "decode_tokens_per_s": 8126.955018516607,
  "warmup_runs": 2,
  "measure_runs": 5,
  "prefill_samples_ms": [
    1463.1208311766386,
    1465.513833798468,
    1466.1441361531615,
    1465.7173939049244,
    1465.7578272745013
  ],
  "decode_samples_ms": [
    31.733418814837933,
    31.337503343820572,
    31.349570490419865,
    31.291894614696503,
    31.788176856935024
  ]
}