{
  "batch_size": 2,
  "input_len": 8192,
  "total_tokens": 16384,
  "prefill_ms_mean": 1673.4953448176384,
  "prefill_ms_std": 1.2195975308082077,
  "decode_ms_mean": 20.646761544048786,
  "decode_ms_std": 0.24118026510267465,
  "prefill_tokens_per_s": 9790.28716795467,
  "decode_tokens_per_s": 96.86749157891444,
  "warmup_runs": 2,
  "measure_runs": 5,
  "prefill_samples_ms": [
    1674.2040906101465,
    1674.383381381631,
    1674.3681924417615,
    1672.911430709064,
    1671.609628945589
  ],
  "decode_samples_ms": [
    20.48351150006056,
    20.855155773460865,
    20.51036711782217,
    20.427975803613663,
    20.956797525286674
  ]
}