{
  "batch_size": 32,
  "input_len": 512,
  "total_tokens": 16384,
  "prefill_ms_mean": 1469.7473093867302,
  "prefill_ms_std": 1.7638650674520782,
  "decode_ms_mean": 22.22414556890726,
  "decode_ms_std": 0.23631243765876828,
  "prefill_tokens_per_s": 11147.494467492117,
  "decode_tokens_per_s": 1439.8753779209253,
  "warmup_runs": 2,
  "measure_runs": 5,
  "prefill_samples_ms": [
    1466.8520214036107,
    1469.2827388644218,
    1470.6713054329157,
    1470.8514865487814,
    1471.0789946839213
  ],
  "decode_samples_ms": [
    22.016567178070545,
    22.11726177483797,
    22.030123509466648,
    22.509521804749966,
    22.447253577411175
  ]
}