{
  "batch_size": 4,
  "input_len": 4096,
  "total_tokens": 16384,
  "prefill_ms_mean": 1562.461788393557,
  "prefill_ms_std": 0.4995273782500968,
  "decode_ms_mean": 20.70398386567831,
  "decode_ms_std": 0.24998134562971552,
  "prefill_tokens_per_s": 10486.01644002135,
  "decode_tokens_per_s": 193.19953231952303,
  "warmup_runs": 2,
  "measure_runs": 5,
  "prefill_samples_ms": [
    1562.853030860424,
    1562.5197207555175,
    1562.9360741004348,
    1562.3085601255298,
    1561.6915561258793
  ],
  "decode_samples_ms": [
    20.94006258994341,
    20.55200468748808,
    20.512112416327,
    21.011355333030224,
    20.50438430160284
  ]
}