{
  "batch_size": 512,
  "input_len": 32,
  "total_tokens": 16384,
  "prefill_ms_mean": 1467.9054204374552,
  "prefill_ms_std": 0.8260104906749982,
  "decode_ms_mean": 56.767453998327255,
  "decode_ms_std": 0.21671938902292295,
  "prefill_tokens_per_s": 11161.482049107328,
  "decode_tokens_per_s": 9019.252475460444,
  "warmup_runs": 2,
  "measure_runs": 5,
  "prefill_samples_ms": [
    1466.6665410622954,
    1468.0798603221774,
    1468.982852064073,
    1467.8603326901793,
    1467.9375160485506
  ],
  "decode_samples_ms": [
    56.947522796690464,
    56.64051976054907,
    56.53419066220522,
    57.04285204410553,
    56.672184728085995
  ]
}