{
  "batch_size": 64,
  "input_len": 256,
  "total_tokens": 16384,
  "prefill_ms_mean": 1464.4796272739768,
  "prefill_ms_std": 1.9954950683638726,
  "decode_ms_mean": 23.370935395359993,
  "decode_ms_std": 0.24020576041269995,
  "prefill_tokens_per_s": 11187.591616072963,
  "decode_tokens_per_s": 2738.4440937997883,
  "warmup_runs": 2,
  "measure_runs": 5,
  "prefill_samples_ms": [
    1462.1237572282553,
    1462.5972621142864,
    1465.1572303846478,
    1466.3948202505708,
    1466.1250663921237
  ],
  "decode_samples_ms": [
    23.59253540635109,
    23.165740072727203,
    23.259513080120087,
    23.170800879597664,
    23.66608753800392
  ]
}