{
  "batch_size": 8,
  "input_len": 2048,
  "total_tokens": 16384,
  "prefill_ms_mean": 1509.8494611680508,
  "prefill_ms_std": 1.3958888192924834,
  "decode_ms_mean": 20.774149894714355,
  "decode_ms_std": 0.21346329436967698,
  "prefill_tokens_per_s": 10851.412953000625,
  "decode_tokens_per_s": 385.09397691577595,
  "warmup_runs": 2,
  "measure_runs": 5,
  "prefill_samples_ms": [
    1507.4284663423896,
    1510.59056725353,
    1510.6472130864859,
    1510.7136592268944,
    1509.867399930954
  ],
  "decode_samples_ms": [
    20.904921926558018,
    20.663674920797348,
    20.605772733688354,
    21.08656521886587,
    20.609814673662186
  ]
}