request_rate,mean_per_token_latency,mean_first_token_latency,mean_per_output_token_latency
1,17.436927462035317,144.76304594799876,17.225867520098017
2,17.833926694415197,157.37696171924472,17.63828645588357
3,18.312309731936136,168.2593973558396,18.280161577343463
4,18.820836290644312,163.92984506301582,19.208100549286126
5,19.35415578285547,166.375817688182,19.50585041219281
6,20.303079740987265,167.77154917269945,20.518912551635264
