{
    "avg_latency": 1.6690444337204098,
    "latencies": [
        1.6616070866584778,
        1.6705050533637404,
        1.6635778592899442,
        1.6568063227459788,
        1.6927258465439081
    ],
    "percentiles": {
        "10": 1.6587266283109785,
        "25": 1.6616070866584778,
        "50": 1.6635778592899442,
        "75": 1.6705050533637404,
        "90": 1.683837529271841,
        "99": 1.6918370148167015
    }
}