{
    "avg_latency": 2.0086154989898204,
    "latencies": [
        2.0026160227134824,
        2.0061956057325006,
        2.0094776498153806,
        2.0113319866359234,
        2.0134562300518155
    ],
    "percentiles": {
        "10": 2.0040478559210895,
        "25": 2.0061956057325006,
        "50": 2.0094776498153806,
        "75": 2.0113319866359234,
        "90": 2.0126065326854587,
        "99": 2.01337126031518
    }
}