{
    "avg_latency": 1.5972464164718985,
    "latencies": [
        1.5966079169884324,
        1.59684937633574,
        1.5944778444245458,
        1.5982506228610873,
        1.6000463217496872
    ],
    "percentiles": {
        "10": 1.5953298734501005,
        "25": 1.5966079169884324,
        "50": 1.59684937633574,
        "75": 1.5982506228610873,
        "90": 1.5993280421942473,
        "99": 1.5999744937941431
    }
}