{
    "avg_latency": 1.5633488120511174,
    "latencies": [
        1.5615344569087029,
        1.5623163282871246,
        1.5639766864478588,
        1.5645776186138391,
        1.5643389699980617
    ],
    "percentiles": {
        "10": 1.5618472054600716,
        "25": 1.5623163282871246,
        "50": 1.5639766864478588,
        "75": 1.5643389699980617,
        "90": 1.5644821591675282,
        "99": 1.564568072669208
    }
}