{
    "avg_latency": 1.7828678222373129,
    "latencies": [
        1.7792311627417803,
        1.780704059638083,
        1.784648796543479,
        1.7848893338814378,
        1.784865758381784
    ],
    "percentiles": {
        "10": 1.7798203215003014,
        "25": 1.780704059638083,
        "50": 1.784648796543479,
        "75": 1.784865758381784,
        "90": 1.7848799036815763,
        "99": 1.7848883908614517
    }
}