{
    "avg_latency": 1.6612769966945051,
    "latencies": [
        1.6580059407278895,
        1.6604410540312529,
        1.6621784260496497,
        1.661836096085608,
        1.663923466578126
    ],
    "percentiles": {
        "10": 1.658979986049235,
        "25": 1.6604410540312529,
        "50": 1.661836096085608,
        "75": 1.6621784260496497,
        "90": 1.6632254503667354,
        "99": 1.6638536649569868
    }
}