{
    "avg_latency": 1.5503778610378505,
    "latencies": [
        1.5502588832750916,
        1.5466748606413603,
        1.5515748271718621,
        1.551280152052641,
        1.552100582048297
    ],
    "percentiles": {
        "10": 1.5481084696948528,
        "25": 1.5502588832750916,
        "50": 1.551280152052641,
        "75": 1.5515748271718621,
        "90": 1.551890280097723,
        "99": 1.5520795518532395
    }
}