{
    "avg_latency": 1.5644866991788149,
    "latencies": [
        1.5626537911593914,
        1.5660383999347687,
        1.5629050815477967,
        1.5647352328523993,
        1.5661009903997183
    ],
    "percentiles": {
        "10": 1.5627543073147536,
        "25": 1.5629050815477967,
        "50": 1.5647352328523993,
        "75": 1.5660383999347687,
        "90": 1.5660759542137384,
        "99": 1.5660984867811203
    }
}