{
    "avg_latency": 1.6066624132916332,
    "latencies": [
        1.6056029833853245,
        1.5970012061297894,
        1.604675809852779,
        1.6130445469170809,
        1.612987520173192
    ],
    "percentiles": {
        "10": 1.6000710476189852,
        "25": 1.604675809852779,
        "50": 1.6056029833853245,
        "75": 1.612987520173192,
        "90": 1.6130217362195254,
        "99": 1.6130422658473254
    }
}