{
    "avg_latency": 1.5660264672711492,
    "latencies": [
        1.5669485749676824,
        1.564316145144403,
        1.563674706965685,
        1.5714906314387918,
        1.5637022778391838
    ],
    "percentiles": {
        "10": 1.5636857353150844,
        "25": 1.5637022778391838,
        "50": 1.564316145144403,
        "75": 1.5669485749676824,
        "90": 1.569673808850348,
        "99": 1.5713089491799475
    }
}