{
    "avg_latency": 1.989860614389181,
    "latencies": [
        1.9859105944633484,
        1.9890011344105005,
        1.9908812576904893,
        1.990553306415677,
        1.9929567789658904
    ],
    "percentiles": {
        "10": 1.9871468104422092,
        "25": 1.9890011344105005,
        "50": 1.990553306415677,
        "75": 1.9908812576904893,
        "90": 1.99212657045573,
        "99": 1.9928737581148743
    }
}