{
    "avg_latency": 1.536105909384787,
    "latencies": [
        1.5364455105736852,
        1.531698507256806,
        1.536387201398611,
        1.5366009445860982,
        1.539397383108735
    ],
    "percentiles": {
        "10": 1.533573984913528,
        "25": 1.536387201398611,
        "50": 1.5364455105736852,
        "75": 1.5366009445860982,
        "90": 1.5382788076996803,
        "99": 1.5392855255678297
    }
}