{
    "avg_latency": 1.6303254771977662,
    "latencies": [
        1.6317983521148562,
        1.6332825776189566,
        1.6344364285469055,
        1.6251104660332203,
        1.626999561674893
    ],
    "percentiles": {
        "10": 1.6258661042898894,
        "25": 1.626999561674893,
        "50": 1.6317983521148562,
        "75": 1.6332825776189566,
        "90": 1.633974888175726,
        "99": 1.6343902745097876
    }
}