{
    "avg_latency": 1.6153922876343132,
    "latencies": [
        1.5956784952431917,
        1.6043133065104485,
        1.596807044930756,
        1.5859039863571525,
        1.6942586051300168
    ],
    "percentiles": {
        "10": 1.589813789911568,
        "25": 1.5956784952431917,
        "50": 1.596807044930756,
        "75": 1.6043133065104485,
        "90": 1.6582804856821896,
        "99": 1.690660793185234
    }
}