{
    "avg_latency": 1.5445334788411855,
    "latencies": [
        1.5444988254457712,
        1.544224281795323,
        1.5472852736711502,
        1.5393549809232354,
        1.5473040323704481
    ],
    "percentiles": {
        "10": 1.5413027012720704,
        "25": 1.544224281795323,
        "50": 1.5444988254457712,
        "75": 1.5472852736711502,
        "90": 1.547296528890729,
        "99": 1.5473032820224761
    }
}