{
    "avg_latency": 1.7501797448843717,
    "latencies": [
        1.744174811989069,
        1.7465292541310191,
        1.7521518068388104,
        1.7536294544115663,
        1.754413397051394
    ],
    "percentiles": {
        "10": 1.745116588845849,
        "25": 1.7465292541310191,
        "50": 1.7521518068388104,
        "75": 1.7536294544115663,
        "90": 1.754099819995463,
        "99": 1.754382039345801
    }
}