{
    "avg_latency": 1.5201560730114578,
    "latencies": [
        1.5189241096377373,
        1.5166836073622108,
        1.5211853245273232,
        1.5211192313581705,
        1.5228680921718478
    ],
    "percentiles": {
        "10": 1.5175798082724214,
        "25": 1.5189241096377373,
        "50": 1.5211192313581705,
        "75": 1.5211853245273232,
        "90": 1.522194985114038,
        "99": 1.522800781466067
    }
}