{
    "avg_latency": 1.5446846574544906,
    "latencies": [
        1.5459784967824817,
        1.5387635501101613,
        1.545929399318993,
        1.542179748415947,
        1.5505720926448703
    ],
    "percentiles": {
        "10": 1.5401300294324756,
        "25": 1.542179748415947,
        "50": 1.545929399318993,
        "75": 1.5459784967824817,
        "90": 1.5487346542999147,
        "99": 1.5503883488103747
    }
}