{
    "avg_latency": 1.5142502611503006,
    "latencies": [
        1.5147443385794759,
        1.509066960774362,
        1.5147607019171119,
        1.5149488830938935,
        1.5177304213866591
    ],
    "percentiles": {
        "10": 1.5113379118964076,
        "25": 1.5147443385794759,
        "50": 1.5147607019171119,
        "75": 1.5149488830938935,
        "90": 1.516617806069553,
        "99": 1.5176191598549484
    }
}