{
    "avg_latency": 1.5676485331729055,
    "latencies": [
        1.5654592104256153,
        1.5632113367319107,
        1.5658237095922232,
        1.5679862406104803,
        1.5757621685042977
    ],
    "percentiles": {
        "10": 1.5641104862093926,
        "25": 1.5654592104256153,
        "50": 1.5658237095922232,
        "75": 1.5679862406104803,
        "90": 1.5726517973467709,
        "99": 1.575451131388545
    }
}