{
  "batch_size": 128,
  "input_len": 128,
  "total_tokens": 16384,
  "prefill_s_mean": 1.5294313644990325,
  "prefill_s_std": 0.002338490093410487,
  "decode_s_mean": 0.02505172248929739,
  "decode_s_std": 0.00026026176594357475,
  "prefill_tokens_per_s": 10712.47810153717,
  "decode_tokens_per_s": 5109.429104313455,
  "warmup_runs": 2,
  "measure_runs": 5,
  "prefill_samples_s": [
    1.527969965711236,
    1.5265225563198328,
    1.5297792498022318,
    1.530204233713448,
    1.5326808169484138
  ],
  "decode_samples_s": [
    0.025418106466531754,
    0.02481587789952755,
    0.025031832046806812,
    0.02518948819488287,
    0.024803307838737965
  ]
}