{
  "batch_size": 16,
  "input_len": 1024,
  "total_tokens": 16384,
  "prefill_s_mean": 1.5508008966222406,
  "prefill_s_std": 0.0035663540168093632,
  "decode_s_mean": 0.02129700928926468,
  "decode_s_std": 0.0002665728125408484,
  "prefill_tokens_per_s": 10564.863636386572,
  "decode_tokens_per_s": 751.2791952466877,
  "warmup_runs": 2,
  "measure_runs": 5,
  "prefill_samples_s": [
    1.5463544838130474,
    1.5491071930155158,
    1.5496442327275872,
    1.5540771763771772,
    1.554821397177875
  ],
  "decode_samples_s": [
    0.02147046010941267,
    0.02116526197642088,
    0.020906117744743824,
    0.021578933112323284,
    0.021364273503422737
  ]
}