{
  "batch_size": 1,
  "input_len": 16384,
  "total_tokens": 16384,
  "prefill_s_mean": 1.964519808255136,
  "prefill_s_std": 0.002117414112028115,
  "decode_s_mean": 0.020590367913246154,
  "decode_s_std": 0.00024379905662473236,
  "prefill_tokens_per_s": 8339.951539889069,
  "decode_tokens_per_s": 48.56639785230268,
  "warmup_runs": 2,
  "measure_runs": 5,
  "prefill_samples_s": [
    1.9616367630660534,
    1.9634925378486514,
    1.9661288876086473,
    1.9643801636993885,
    1.9669606890529394
  ],
  "decode_samples_s": [
    0.02080947905778885,
    0.020402826368808746,
    0.020871838554739952,
    0.020319070667028427,
    0.0205486249178648
  ]
}