{
  "batch_size": 256,
  "input_len": 64,
  "total_tokens": 16384,
  "prefill_s_mean": 1.5288015918806195,
  "prefill_s_std": 0.0019818196221544123,
  "decode_s_mean": 0.03193528279662132,
  "decode_s_std": 0.00020735382835630685,
  "prefill_tokens_per_s": 10716.890986387321,
  "decode_tokens_per_s": 8016.212088376566,
  "warmup_runs": 2,
  "measure_runs": 5,
  "prefill_samples_s": [
    1.5280991876497865,
    1.5256477259099483,
    1.5297115482389927,
    1.5300491489470005,
    1.5305003486573696
  ],
  "decode_samples_s": [
    0.03225385304540396,
    0.031783780083060265,
    0.031777394004166126,
    0.03203692752867937,
    0.031824459321796894
  ]
}