{
  "batch_size": 2,
  "input_len": 8192,
  "total_tokens": 16384,
  "prefill_s_mean": 1.7452514180913568,
  "prefill_s_std": 0.003852578657047379,
  "decode_s_mean": 0.020980979688465594,
  "decode_s_std": 0.00031297306337865435,
  "prefill_tokens_per_s": 9387.759167626336,
  "decode_tokens_per_s": 95.32443335329621,
  "warmup_runs": 2,
  "measure_runs": 5,
  "prefill_samples_s": [
    1.7409328818321228,
    1.7415424976497889,
    1.746175960637629,
    1.7481383718550205,
    1.7494673784822226
  ],
  "decode_samples_s": [
    0.02129990514367819,
    0.02112065814435482,
    0.02062180731445551,
    0.021192641928792,
    0.02066988591104746
  ]
}