{
  "batch_size": 32,
  "input_len": 512,
  "total_tokens": 16384,
  "prefill_s_mean": 1.5382541719824077,
  "prefill_s_std": 0.00251289544597195,
  "decode_s_mean": 0.021850119531154632,
  "decode_s_std": 0.00025009417211666263,
  "prefill_tokens_per_s": 10651.035634043043,
  "decode_tokens_per_s": 1464.5228807271892,
  "warmup_runs": 2,
  "measure_runs": 5,
  "prefill_samples_s": [
    1.5350987995043397,
    1.5362450806424022,
    1.538823189213872,
    1.5401143422350287,
    1.5409894483163953
  ],
  "decode_samples_s": [
    0.02168208546936512,
    0.021816784515976906,
    0.02228713035583496,
    0.02169989701360464,
    0.021764700300991535
  ]
}