{
  "batch_size": 4,
  "input_len": 4096,
  "total_tokens": 16384,
  "prefill_s_mean": 1.6358118072152137,
  "prefill_s_std": 0.005158839344856225,
  "decode_s_mean": 0.02078485731035471,
  "decode_s_std": 0.00023846385192744296,
  "prefill_tokens_per_s": 10015.822069344225,
  "decode_tokens_per_s": 192.44779698378102,
  "warmup_runs": 2,
  "measure_runs": 5,
  "prefill_samples_s": [
    1.6299602081999183,
    1.6326973903924227,
    1.6358891325071454,
    1.6368647441267967,
    1.6436475608497858
  ],
  "decode_samples_s": [
    0.02085165213793516,
    0.020629330538213253,
    0.02117115817964077,
    0.020687589421868324,
    0.02058455627411604
  ]
}