{
  "batch_size": 512,
  "input_len": 32,
  "total_tokens": 16384,
  "prefill_s_mean": 1.5232271194458007,
  "prefill_s_std": 0.0013569578831833795,
  "decode_s_mean": 0.05763106122612953,
  "decode_s_std": 0.00013943768093149935,
  "prefill_tokens_per_s": 10756.111016432684,
  "decode_tokens_per_s": 8884.098073277588,
  "warmup_runs": 2,
  "measure_runs": 5,
  "prefill_samples_s": [
    1.521819674409926,
    1.5222243797034025,
    1.5231993300840259,
    1.5236075604334474,
    1.5252846525982022
  ],
  "decode_samples_s": [
    0.057625860907137394,
    0.05767230410128832,
    0.05740608647465706,
    0.05778709892183542,
    0.057663955725729465
  ]
}