{
  "batch_size": 64,
  "input_len": 256,
  "total_tokens": 16384,
  "prefill_s_mean": 1.5326782872900366,
  "prefill_s_std": 0.002411069896059907,
  "decode_s_mean": 0.0232104392722249,
  "decode_s_std": 0.0002518125519608149,
  "prefill_tokens_per_s": 10689.784109207238,
  "decode_tokens_per_s": 2757.3799551732955,
  "warmup_runs": 2,
  "measure_runs": 5,
  "prefill_samples_s": [
    1.5322533203288913,
    1.5289076901972294,
    1.532720923423767,
    1.5344157749786973,
    1.5350937275215983
  ],
  "decode_samples_s": [
    0.023060974664986134,
    0.02322947233915329,
    0.023640694096684456,
    0.02303966972976923,
    0.023081385530531406
  ]
}