{
  "batch_size": 8,
  "input_len": 2048,
  "total_tokens": 16384,
  "prefill_s_mean": 1.5792155316099525,
  "prefill_s_std": 0.0030066634920407806,
  "decode_s_mean": 0.02088693864643574,
  "decode_s_std": 0.00025854319940016844,
  "prefill_tokens_per_s": 10374.771316551776,
  "decode_tokens_per_s": 383.01448265924614,
  "warmup_runs": 2,
  "measure_runs": 5,
  "prefill_samples_s": [
    1.5749224359169602,
    1.577576095238328,
    1.579717398621142,
    1.581782966852188,
    1.582078761421144
  ],
  "decode_samples_s": [
    0.02073559071868658,
    0.020872564986348152,
    0.021336250938475132,
    0.020778099074959755,
    0.02071218751370907
  ]
}