request_rate,mean_per_token_latency,mean_first_token_latency,mean_per_output_token_latency
1.0,35.57660757179651,85.97180902771652,36.987622160989254
2.0,44.116492172593574,90.20153124071658,45.11198510356508
3.0,57.32130413119422,97.15847478993237,58.68222199089697
4.0,64.29248413288536,99.24674435949815,65.17072763780664
5.0,74.00245084504408,115.40276862867177,75.82053295018757
6.0,81.0117017426713,1451.9686796795577,87.12847166854911
